file,beam,shot_number,lat_GEDI2A,lon_GEDI2A,rh98_GEDI2A,rh100_GEDI2A,elev_highest_GEDI2A,elev_lowest_GEDI2A,height_lastbin_GEDI2A,sensitivity_GEDI2A,l2a_quality_flag_GEDI2A,cover_GEDI2B,pai_GEDI2B,fhd_normal_GEDI2B,omega_GEDI2B,pgap_theta_GEDI2B,pgap_theta_error_GEDI2B,lat_GEDI2B,lon_GEDI2B,l2b_quality_flag_GEDI2B
GEDI02_A_2020104212032_O07573_03_T01382_02_003_01_V002.h5,BEAM0011,75730300300460574,17.97779985931103,-66.8614746007552,7.82,8.98,174.18758,165.20204,,0.97671914,1,,,,,,,17.97779985931103,-66.8614746007552,
GEDI02_A_2020104212032_O07573_03_T01382_02_003_01_V002.h5,BEAM0011,75730300300460575,17.977392901862167,-66.86114411546663,7.0,8.31,175.43628,167.12466,,0.96525055,1,,,,,,,17.977392901862167,-66.86114411546663,
GEDI02_A_2020104212032_O07573_03_T01382_02_003_01_V002.h5,BEAM0011,75730300300460576,17.976983167359382,-66.8608103192265,13.32,14.52,172.67546,158.14885,,0.9698502,1,,,,,,,17.976983167359382,-66.8608103192265,
GEDI02_A_2020104212032_O07573_03_T01382_02_003_01_V002.h5,BEAM0011,75730300300460577,17.9765768930939,-66.86048059782362,7.63,8.53,171.14957,162.61331,,0.90605575,1,,,,,,,17.9765768930939,-66.86048059782362,
GEDI02_A_2020104212032_O07573_03_T01382_02_003_01_V002.h5,BEAM0011,75730300300460578,17.97616794875036,-66.86014769239085,7.82,9.21,165.80309,156.59291,,0.974539,1,,,,,,,17.97616794875036,-66.86014769239085,
GEDI02_A_2020104212032_O07573_03_T01382_02_003_01_V002.h5,BEAM0011,75730300300460579,17.975758908907746,-66.85981465271352,8.46,9.92,160.06607,150.14455,,0.97656417,1,,,,,,,17.975758908907746,-66.85981465271352,
GEDI02_A_2020104212032_O07573_03_T01382_02_003_01_V002.h5,BEAM0011,75730300300460580,17.975347252504694,-66.85947849338456,12.76,13.74,147.16426,133.42387,,0.96772677,1,,,,,,,17.975347252504694,-66.85947849338456,
GEDI02_A_2020104212032_O07573_03_T01382_02_003_01_V002.h5,BEAM0011,75730300300460581,17.974937999712086,-66.85914515944576,11.34,11.86,137.89561,126.027214,,0.91041577,1,,,,,,,17.974937999712086,-66.85914515944576,
GEDI02_A_2020104212032_O07573_03_T01382_02_003_01_V002.h5,BEAM0011,75730300300460582,17.9745320622929,-66.85881573133348,3.03,3.21,134.7405,131.52068,,0.8859858,0,,,,,,,17.9745320622929,-66.85881573133348,
GEDI02_A_2020104212032_O07573_03_T01382_02_003_01_V002.h5,BEAM0011,75730300300460583,17.974109636599398,-66.85846675929464,0.0,0.0,72.60013,72.60013,,-0.7972279,0,,,,,,,17.974109636599398,-66.85846675929464,
GEDI02_A_2020104212032_O07573_03_T01382_02_003_01_V002.h5,BEAM0011,75730300300460584,17.97370312962315,-66.85813661757689,0.0,0.0,75.766304,75.766304,,3.1883068,0,,,,,,,17.97370312962315,-66.85813661757689,
GEDI02_A_2020104212032_O07573_03_T01382_02_003_01_V002.h5,BEAM0011,75730300300460585,17.973297498254386,-66.8578074937708,0.0,0.0,82.30053,82.30053,,-2.5412326,0,,,,,,,17.973297498254386,-66.8578074937708,
GEDI02_A_2020104212032_O07573_03_T01382_02_003_01_V002.h5,BEAM0011,75730300300460586,17.972892154595655,-66.85747869214653,0.0,0.0,89.91161,89.91161,,3.8010747,0,,,,,,,17.972892154595655,-66.85747869214653,
GEDI02_A_2020104212032_O07573_03_T01382_02_003_01_V002.h5,BEAM0011,75730300300460587,17.9724844899722,-66.85714712426098,0.0,0.0,88.41863,88.41863,,-1.335219,0,,,,,,,17.9724844899722,-66.85714712426098,
GEDI02_A_2020104212032_O07573_03_T01382_02_003_01_V002.h5,BEAM0101,75730500300460714,17.97026350801341,-66.86622232039005,0.0,0.0,156.07076,156.07076,,-0.121543504,0,,,,,,,17.97026350801341,-66.86622232039005,
GEDI02_A_2020104212032_O07573_03_T01382_02_003_01_V002.h5,BEAM0101,75730500300460715,17.969855942097098,-66.86589133547538,0.0,0.0,156.56883,156.56883,,-2.1860304,0,,,,,,,17.969855942097098,-66.86589133547538,
GEDI02_A_2020104212032_O07573_03_T01382_02_003_01_V002.h5,BEAM0101,75730500300460716,17.969448221653575,-66.86556018788544,0.0,0.0,156.36125,156.36125,,2.2455378,0,,,,,,,17.969448221653575,-66.86556018788544,
GEDI02_A_2020272172956_O10175_02_T05951_02_003_02_V002.h5,BEAM0110,101750600200339474,17.974609463190085,-66.86601358361143,2.69,2.88,146.98747,144.10394,,0.58466715,0,,,,,,,17.974609463190085,-66.86601358361143,
GEDI02_A_2020272172956_O10175_02_T05951_02_003_02_V002.h5,BEAM0110,101750600200339475,17.975015490050485,-66.86568221706723,4.56,4.94,151.39865,146.45546,,0.8249786,0,,,,,,,17.975015490050485,-66.86568221706723,
GEDI02_A_2020272172956_O10175_02_T05951_02_003_02_V002.h5,BEAM0110,101750600200339476,17.975420227124282,-66.8653517942663,5.57,5.87,159.43204,153.55263,,0.80486625,0,,,,,,,17.975420227124282,-66.8653517942663,
GEDI02_A_2020272172956_O10175_02_T05951_02_003_02_V002.h5,BEAM0110,101750600200339477,17.9758255212742,-66.86502100338873,3.1,3.25,161.97646,158.71844,,0.84770685,0,,,,,,,17.9758255212742,-66.86502100338873,
GEDI02_A_2020272172956_O10175_02_T05951_02_003_02_V002.h5,BEAM0110,101750600200339478,17.976231489801744,-66.86468977371077,2.69,2.8,164.35684,161.5482,,0.65460813,0,,,,,,,17.976231489801744,-66.86468977371077,
GEDI02_A_2020272172956_O10175_02_T05951_02_003_02_V002.h5,BEAM0110,101750600200339479,17.976624828806504,-66.86436766644054,0.0,0.0,210.33374,210.33374,,0.3905194,0,,,,,,,17.976624828806504,-66.86436766644054,
GEDI02_A_2020272172956_O10175_02_T05951_02_003_02_V002.h5,BEAM0110,101750600200339480,17.97704305901149,-66.86402776734904,4.23,4.41,173.40547,168.98656,,0.73061186,0,,,,,,,17.97704305901149,-66.86402776734904,
GEDI02_A_2020272172956_O10175_02_T05951_02_003_02_V002.h5,BEAM0110,101750600200339481,17.97602423765932,-66.86471932287864,0.37,0.41,5345.4287,5345.017,,0.94089264,0,,,,,,,17.97602423765932,-66.86471932287864,
GEDI02_A_2020272172956_O10175_02_T05951_02_003_02_V002.h5,BEAM0110,101750600200339482,17.97641879962648,-66.86439660868267,0.0,0.0,5390.0054,5390.0054,,0.8194007,0,,,,,,,17.97641879962648,-66.86439660868267,
GEDI02_A_2020272172956_O10175_02_T05951_02_003_02_V002.h5,BEAM0110,101750600200339483,17.976834086440608,-66.86405913126605,7.78,8.01,5367.9307,5359.918,,0.96435654,0,,,,,,,17.976834086440608,-66.86405913126605,
GEDI02_A_2020272172956_O10175_02_T05951_02_003_02_V002.h5,BEAM0110,101750600200339484,17.97723295657132,-66.86373356041973,0.0,0.0,5389.7383,5389.7383,,0.82358336,0,,,,,,,17.97723295657132,-66.86373356041973,
GEDI02_A_2020272172956_O10175_02_T05951_02_003_02_V002.h5,BEAM0110,101750600200339485,17.977640008959007,-66.8634022545428,0.0,0.0,5390.109,5390.109,,0.89580184,0,,,,,,,17.977640008959007,-66.8634022545428,
GEDI02_A_2020272172956_O10175_02_T05951_02_003_02_V002.h5,BEAM1000,101750800200083187,17.969482381989643,-66.86234170471472,2.02,2.17,95.74962,93.57715,,0.86407185,0,,,,,,,17.969482381989643,-66.86234170471472,
GEDI02_A_2020272172956_O10175_02_T05951_02_003_02_V002.h5,BEAM1000,101750800200083188,17.969880665280108,-66.86201812690547,0.0,0.0,133.08345,133.08345,,-0.04181333,0,,,,,,,17.969880665280108,-66.86201812690547,
GEDI02_A_2020272172956_O10175_02_T05951_02_003_02_V002.h5,BEAM1000,101750800200083189,17.970290236268244,-66.86168560746178,3.22,3.4,124.959755,121.551414,,0.6926862,0,,,,,,,17.970290236268244,-66.86168560746178,
GEDI02_A_2020272172956_O10175_02_T05951_02_003_02_V002.h5,BEAM1000,101750800200083190,17.97069819561896,-66.86135426601321,5.13,5.39,122.41142,117.01798,,0.83888155,0,,,,,,,17.97069819561896,-66.86135426601321,
GEDI02_A_2020272172956_O10175_02_T05951_02_003_02_V002.h5,BEAM1000,101750800200083191,17.971102668228905,-66.86102557696108,4.9,5.24,133.18452,127.94099,,0.8536262,0,,,,,,,17.971102668228905,-66.86102557696108,
GEDI02_A_2020272172956_O10175_02_T05951_02_003_02_V002.h5,BEAM1000,101750800200083192,17.971506408094132,-66.86069738446785,2.28,2.39,144.36862,141.97162,,0.68733066,0,,,,,,,17.971506408094132,-66.86069738446785,
GEDI02_A_2020272172956_O10175_02_T05951_02_003_02_V002.h5,BEAM1000,101750800200083193,17.971910827632694,-66.86036858503341,2.09,2.32,155.09961,152.77762,,0.81802815,0,,,,,,,17.971910827632694,-66.86036858503341,
GEDI02_A_2020272172956_O10175_02_T05951_02_003_02_V002.h5,BEAM1000,101750800200083194,17.97231678393114,-66.86003851034128,3.85,4.11,160.65186,156.53224,,0.8688461,0,,,,,,,17.97231678393114,-66.86003851034128,
GEDI02_A_2020272172956_O10175_02_T05951_02_003_02_V002.h5,BEAM1000,101750800200083195,17.97272294442912,-66.85970820932181,3.96,4.23,163.49393,159.26198,,0.86414796,0,,,,,,,17.97272294442912,-66.85970820932181,
GEDI02_A_2020272172956_O10175_02_T05951_02_003_02_V002.h5,BEAM1000,101750800200083196,17.973130432903456,-66.85937680466324,1.12,1.23,157.17159,155.9357,,0.90094817,0,,,,,,,17.973130432903456,-66.85937680466324,
GEDI02_A_2020272172956_O10175_02_T05951_02_003_02_V002.h5,BEAM1000,101750800200083197,17.973540738230234,-66.85904313265031,7.6,7.93,147.82498,139.88509,,0.8680078,0,,,,,,,17.973540738230234,-66.85904313265031,
GEDI02_A_2020272172956_O10175_02_T05951_02_003_02_V002.h5,BEAM1000,101750800200083198,17.973947593453666,-66.85871211192737,4.94,5.35,144.68048,139.32475,,0.8998169,0,,,,,,,17.973947593453666,-66.85871211192737,
GEDI02_A_2020272172956_O10175_02_T05951_02_003_02_V002.h5,BEAM1000,101750800200083199,17.974357224033337,-66.85837886430289,0.59,0.63,126.92123,126.28453,,0.7033705,0,,,,,,,17.974357224033337,-66.85837886430289,
GEDI02_A_2020272172956_O10175_02_T05951_02_003_02_V002.h5,BEAM1000,101750800200083200,17.974764151289126,-66.85804769021868,1.38,1.46,126.888336,125.427666,,-0.11035436,0,,,,,,,17.974764151289126,-66.85804769021868,
GEDI02_A_2020272172956_O10175_02_T05951_02_003_02_V002.h5,BEAM1000,101750800200083201,17.97515792555554,-66.85772678723727,0.0,0.0,184.00597,184.00597,,0.5875592,0,,,,,,,17.97515792555554,-66.85772678723727,
GEDI02_A_2020272172956_O10175_02_T05951_02_003_02_V002.h5,BEAM1000,101750800200083202,17.975564748353527,-66.85739561113782,0.0,0.0,184.20581,184.20581,,-0.9625487,0,,,,,,,17.975564748353527,-66.85739561113782,
GEDI02_A_2020272172956_O10175_02_T05951_02_003_02_V002.h5,BEAM1000,101750800200083203,17.974826446667567,-66.8579624658739,33.06,33.59,5372.535,5338.942,,0.93606776,0,,,,,,,17.974826446667567,-66.8579624658739,
GEDI02_A_2020272172956_O10175_02_T05951_02_003_02_V002.h5,BEAM1000,101750800200083204,17.97523003110819,-66.85763377318298,0.37,0.41,5354.407,5353.9956,,0.9496363,0,,,,,,,17.97523003110819,-66.85763377318298,
GEDI02_A_2020272172956_O10175_02_T05951_02_003_02_V002.h5,BEAM1000,101750800200083205,17.97563554291446,-66.85730354262616,0.89,0.97,5361.501,5360.5273,,0.91402096,0,,,,,,,17.97563554291446,-66.85730354262616,
GEDI02_A_2020272172956_O10175_02_T05951_02_003_02_V002.h5,BEAM1000,101750800200083206,17.97604278026118,-66.8569719362692,1.49,1.61,5361.096,5359.486,,0.88600254,0,,,,,,,17.97604278026118,-66.8569719362692,
GEDI02_A_2019246042645_O04104_02_T00259_02_003_02_V002.h5,BEAM0110,41040600200340882,17.973166335350587,-66.8661477725932,6.77,8.68,126.913445,118.22369,,0.9882549,1,,,,,,,17.973166335350587,-66.8661477725932,
GEDI02_A_2019246042645_O04104_02_T00259_02_003_02_V002.h5,BEAM0110,41040600200340883,17.973573883938787,-66.86581623076665,7.75,9.81,130.61157,120.79808,,0.99116397,1,,,,,,,17.973573883938787,-66.86581623076665,
GEDI02_A_2019246042645_O04104_02_T00259_02_003_02_V002.h5,BEAM0110,41040600200340884,17.973980413823625,-66.86548543050111,5.09,6.74,136.63373,129.89168,,0.9679743,1,,,,,,,17.973980413823625,-66.86548543050111,
GEDI02_A_2019246042645_O04104_02_T00259_02_003_02_V002.h5,BEAM0110,41040600200340885,17.97438712035987,-66.86515453406842,4.75,6.55,144.55902,138.00424,,0.98713416,1,,,,,,,17.97438712035987,-66.86515453406842,
GEDI02_A_2019246042645_O04104_02_T00259_02_003_02_V002.h5,BEAM0110,41040600200340886,17.974794509057176,-66.86482318722274,5.76,7.56,149.53976,141.97366,,0.990937,1,,,,,,,17.974794509057176,-66.86482318722274,
GEDI02_A_2019246042645_O04104_02_T00259_02_003_02_V002.h5,BEAM0110,41040600200340887,17.975201254961487,-66.86449231962374,5.24,7.0,157.11545,150.11119,,0.9724761,1,,,,,,,17.975201254961487,-66.86449231962374,
GEDI02_A_2019246042645_O04104_02_T00259_02_003_02_V002.h5,BEAM0110,41040600200340888,17.975607700645693,-66.86416169169716,5.39,7.07,167.34148,160.2623,,0.97562665,1,,,,,,,17.975607700645693,-66.86416169169716,
GEDI02_A_2019246042645_O04104_02_T00259_02_003_02_V002.h5,BEAM0110,41040600200340889,17.976015010236946,-66.8638304867399,5.54,7.34,172.47824,165.13689,,0.97354186,1,,,,,,,17.976015010236946,-66.8638304867399,
GEDI02_A_2019246042645_O04104_02_T00259_02_003_02_V002.h5,BEAM0110,41040600200340890,17.9764227718227,-66.86349899137755,6.03,7.52,174.83522,167.30658,,0.97158694,1,,,,,,,17.9764227718227,-66.86349899137755,
GEDI02_A_2019246042645_O04104_02_T00259_02_003_02_V002.h5,BEAM0110,41040600200340891,17.97683048658114,-66.86316755240641,5.16,6.74,176.62213,169.88008,,0.977532,1,,,,,,,17.97683048658114,-66.86316755240641,
GEDI02_A_2019246042645_O04104_02_T00259_02_003_02_V002.h5,BEAM0110,41040600200340892,17.977238456568383,-66.86283595478295,5.88,7.64,178.59431,170.95331,,0.9881891,1,,,,,,,17.977238456568383,-66.86283595478295,
GEDI02_A_2019246042645_O04104_02_T00259_02_003_02_V002.h5,BEAM0110,41040600200340893,17.977647984368897,-66.86250328190413,5.39,7.34,169.68399,162.34264,,0.989044,1,,,,,,,17.977647984368897,-66.86250328190413,
GEDI02_A_2019246042645_O04104_02_T00259_02_003_02_V002.h5,BEAM1000,41040800200080786,17.96967902963171,-66.86126713468003,4.6,6.33,120.913,114.58224,,0.97425056,1,,,,,,,17.96967902963171,-66.86126713468003,
GEDI02_A_2019246042645_O04104_02_T00259_02_003_02_V002.h5,BEAM1000,41040800200080787,17.970086824183586,-66.86093484954003,8.76,10.82,122.849174,112.0232,,0.97157633,1,,,,,,,17.970086824183586,-66.86093484954003,
GEDI02_A_2019246042645_O04104_02_T00259_02_003_02_V002.h5,BEAM1000,41040800200080788,17.970493850984234,-66.86060315367261,6.74,9.47,125.78345,116.30603,,0.97495824,1,,,,,,,17.970493850984234,-66.86060315367261,
GEDI02_A_2019246042645_O04104_02_T00259_02_003_02_V002.h5,BEAM1000,41040800200080789,17.970899990814562,-66.86027214639577,10.41,12.73,141.27263,128.53618,,0.9887677,1,,,,,,,17.970899990814562,-66.86027214639577,
GEDI02_A_2019246042645_O04104_02_T00259_02_003_02_V002.h5,BEAM1000,41040800200080790,17.971306428996566,-66.85994083952001,13.18,15.09,152.63194,137.5355,,0.9885863,1,,,,,,,17.971306428996566,-66.85994083952001,
GEDI02_A_2019246042645_O04104_02_T00259_02_003_02_V002.h5,BEAM1000,41040800200080791,17.97171259329217,-66.8596097099691,6.18,8.01,156.70856,148.69208,,0.98632,1,,,,,,,17.97171259329217,-66.8596097099691,
GEDI02_A_2019246042645_O04104_02_T00259_02_003_02_V002.h5,BEAM1000,41040800200080792,17.97211956386114,-66.85927785709852,6.59,8.54,160.35017,151.80925,,0.9888789,1,,,,,,,17.97211956386114,-66.85927785709852,
GEDI02_A_2019246042645_O04104_02_T00259_02_003_02_V002.h5,BEAM1000,41040800200080793,17.972526697201754,-66.85894581727747,6.51,8.69,161.63695,152.94618,,0.9919082,1,,,,,,,17.972526697201754,-66.85894581727747,
GEDI02_A_2019246042645_O04104_02_T00259_02_003_02_V002.h5,BEAM1000,41040800200080794,17.9729348886031,-66.85861284390019,11.23,14.34,158.00464,143.6574,,0.99168706,1,,,,,,,17.9729348886031,-66.85861284390019,
GEDI02_A_2019246042645_O04104_02_T00259_02_003_02_V002.h5,BEAM1000,41040800200080795,17.973342680321487,-66.85828015216715,5.09,7.52,145.20258,137.6731,,0.97894293,1,,,,,,,17.973342680321487,-66.85828015216715,
GEDI02_A_2019246042645_O04104_02_T00259_02_003_02_V002.h5,BEAM1000,41040800200080796,17.973750557134142,-66.85794733780288,8.27,10.63,141.05383,130.41515,,0.9859975,1,,,,,,,17.973750557134142,-66.85794733780288,
GEDI02_A_2019246042645_O04104_02_T00259_02_003_02_V002.h5,BEAM1000,41040800200080797,17.974159179338155,-66.85761385007991,13.78,17.34,132.99973,115.65568,,0.9912834,1,,,,,,,17.974159179338155,-66.85761385007991,
GEDI02_A_2019246042645_O04104_02_T00259_02_003_02_V002.h5,BEAM1000,41040800200080798,17.97456554722176,-66.8572821900569,8.24,10.45,132.11671,121.66533,,0.98797107,1,,,,,,,17.97456554722176,-66.8572821900569,
GEDI02_A_2019246042645_O04104_02_T00259_02_003_02_V002.h5,BEAM1000,41040800200080799,17.974970821806536,-66.85695138975677,8.2,10.86,148.35777,137.49432,,0.98747647,1,,,,,,,17.974970821806536,-66.85695138975677,
GEDI02_A_2020209182349_O09199_02_T03105_02_003_01_V002.h5,BEAM0000,91990000200082848,17.969802230793558,-66.86050871023822,0.0,0.0,8488.009,8488.009,,4.102068,0,,,,,,,17.969802230793558,-66.86050871023822,
GEDI02_A_2020209182349_O09199_02_T03105_02_003_01_V002.h5,BEAM0000,91990000200082849,17.97021018072419,-66.86017716222364,0.0,0.0,8487.525,8487.525,,19.382914,0,,,,,,,17.97021018072419,-66.86017716222364,
GEDI02_A_2020209182349_O09199_02_T03105_02_003_01_V002.h5,BEAM0000,91990000200082850,17.970617501228144,-66.85984593301501,0.0,0.0,8488.062,8488.062,,-0.6676486,0,,,,,,,17.970617501228144,-66.85984593301501,
GEDI02_A_2020209182349_O09199_02_T03105_02_003_01_V002.h5,BEAM0000,91990000200082851,17.971025347765764,-66.85951443807922,0.0,0.0,8487.828,8487.828,,-1.5379766,0,,,,,,,17.971025347765764,-66.85951443807922,
GEDI02_A_2020209182349_O09199_02_T03105_02_003_01_V002.h5,BEAM0000,91990000200082852,17.971433066116155,-66.85918301035665,0.0,0.0,8487.835,8487.835,,1.9483579,0,,,,,,,17.971433066116155,-66.85918301035665,
GEDI02_A_2020209182349_O09199_02_T03105_02_003_01_V002.h5,BEAM0000,91990000200082853,17.971840524978976,-66.85885171801735,0.0,0.0,8488.281,8488.281,,-0.43157297,0,,,,,,,17.971840524978976,-66.85885171801735,
GEDI02_A_2020209182349_O09199_02_T03105_02_003_01_V002.h5,BEAM0000,91990000200082854,17.972248606356516,-66.85852011483753,0.0,0.0,8487.802,8487.802,,-0.1906199,0,,,,,,,17.972248606356516,-66.85852011483753,
GEDI02_A_2020209182349_O09199_02_T03105_02_003_01_V002.h5,BEAM0000,91990000200082855,17.97265607085372,-66.8581888308269,0.0,0.0,8488.311,8488.311,,1.9643391,0,,,,,,,17.97265607085372,-66.8581888308269,
GEDI02_A_2020209182349_O09199_02_T03105_02_003_01_V002.h5,BEAM0000,91990000200082856,17.973064139129495,-66.8578572478388,0.0,0.0,8487.918,8487.918,,-3.6618865,0,,,,,,,17.973064139129495,-66.8578572478388,
GEDI02_A_2020209182349_O09199_02_T03105_02_003_01_V002.h5,BEAM0000,91990000200082857,17.973402342846214,-66.85756114689495,0.0,0.0,8595.482,8595.482,,5.494891,0,,,,,,,17.973402342846214,-66.85756114689495,
GEDI02_A_2020209182349_O09199_02_T03105_02_003_01_V002.h5,BEAM0000,91990000200082858,17.97387983466226,-66.85719433371821,0.0,0.0,8487.898,8487.898,,-0.15744162,0,,,,,,,17.97387983466226,-66.85719433371821,
GEDI02_A_2020209182349_O09199_02_T03105_02_003_01_V002.h5,BEAM0000,91990000200082859,17.974287568814333,-66.85686295068002,0.0,0.0,8488.103,8488.103,,4.9778485,0,,,,,,,17.974287568814333,-66.85686295068002,
GEDI02_A_2020273024726_O10181_03_T07074_02_003_02_V002.h5,BEAM1000,101810800300459296,17.97754927049083,-66.85847240290282,0.0,0.0,3411.372,3411.372,,6.3477373,0,,,,,,,17.97754927049083,-66.85847240290282,
GEDI02_A_2020273024726_O10181_03_T07074_02_003_02_V002.h5,BEAM1000,101810800300459297,17.97714378538578,-66.85814042026178,0.0,0.0,3411.2615,3411.2615,,-0.89464045,0,,,,,,,17.97714378538578,-66.85814042026178,
GEDI02_A_2020273024726_O10181_03_T07074_02_003_02_V002.h5,BEAM1000,101810800300459298,17.976738235672464,-66.85780844305161,0.0,0.0,3411.2258,3411.2258,,-21.537643,0,,,,,,,17.976738235672464,-66.85780844305161,
GEDI02_A_2020273024726_O10181_03_T07074_02_003_02_V002.h5,BEAM1000,101810800300459299,17.976332664221275,-66.85747652491133,0.0,0.0,3411.5364,3411.5364,,-1.1826677,0,,,,,,,17.976332664221275,-66.85747652491133,
GEDI02_A_2020273024726_O10181_03_T07074_02_003_02_V002.h5,BEAM1000,101810800300459300,17.975926945851914,-66.85714452099336,0.0,0.0,3411.436,3411.436,,0.08518422,0,,,,,,,17.975926945851914,-66.85714452099336,
GEDI02_A_2020273024726_O10181_03_T07074_02_003_02_V002.h5,BEAM1011,101811100300459660,17.977589703837552,-66.86542775233033,0.0,0.0,-19.587723,-19.587723,,-34.148304,0,,,,,,,17.977589703837552,-66.86542775233033,
GEDI02_A_2020273024726_O10181_03_T07074_02_003_02_V002.h5,BEAM1011,101811100300459661,17.977184830504356,-66.86509619023722,0.0,0.0,-19.476757,-19.476757,,0.61825645,0,,,,,,,17.977184830504356,-66.86509619023722,
GEDI02_A_2020273024726_O10181_03_T07074_02_003_02_V002.h5,BEAM1011,101811100300459662,17.976779881509742,-66.86476451047955,0.0,0.0,-19.868567,-19.868567,,0.32375,0,,,,,,,17.976779881509742,-66.86476451047955,
GEDI02_A_2020273024726_O10181_03_T07074_02_003_02_V002.h5,BEAM1011,101811100300459663,17.976374997399503,-66.86443286228499,0.0,0.0,-19.97802,-19.97802,,4.9298754,0,,,,,,,17.976374997399503,-66.86443286228499,
GEDI02_A_2020273024726_O10181_03_T07074_02_003_02_V002.h5,BEAM1011,101811100300459664,17.9759701745166,-66.86410124887058,0.0,0.0,-19.785582,-19.785582,,-0.260434,0,,,,,,,17.9759701745166,-66.86410124887058,
GEDI02_A_2020273024726_O10181_03_T07074_02_003_02_V002.h5,BEAM1011,101811100300459665,17.9755653260142,-66.8637695885299,0.0,0.0,-19.732054,-19.732054,,1.6614662,0,,,,,,,17.9755653260142,-66.8637695885299,
GEDI02_A_2020273024726_O10181_03_T07074_02_003_02_V002.h5,BEAM1011,101811100300459666,17.97516038128617,-66.86343781604235,0.0,0.0,-20.170725,-20.170725,,0.46396536,0,,,,,,,17.97516038128617,-66.86343781604235,
GEDI02_A_2020273024726_O10181_03_T07074_02_003_02_V002.h5,BEAM1011,101811100300459667,17.974755614801673,-66.8631062171161,0.0,0.0,-19.582449,-19.582449,,2.2352421,0,,,,,,,17.974755614801673,-66.8631062171161,
GEDI02_A_2020273024726_O10181_03_T07074_02_003_02_V002.h5,BEAM1011,101811100300459668,17.974350651432324,-66.86277441723755,0.0,0.0,-19.962439,-19.962439,,2.9910333,0,,,,,,,17.974350651432324,-66.86277441723755,
GEDI02_A_2020273024726_O10181_03_T07074_02_003_02_V002.h5,BEAM1011,101811100300459669,17.97394572204953,-66.8624426574273,0.0,0.0,-20.038366,-20.038366,,3.3675327,0,,,,,,,17.97394572204953,-66.8624426574273,
GEDI02_A_2020273024726_O10181_03_T07074_02_003_02_V002.h5,BEAM1011,101811100300459670,17.97354065268403,-66.86211078714999,0.0,0.0,-20.181404,-20.181404,,2.4279456,0,,,,,,,17.97354065268403,-66.86211078714999,
GEDI02_A_2020273024726_O10181_03_T07074_02_003_02_V002.h5,BEAM1011,101811100300459671,17.973135665510355,-66.8617790193966,0.0,0.0,-19.693539,-19.693539,,-1.1677827,0,,,,,,,17.973135665510355,-66.8617790193966,
GEDI02_A_2020273024726_O10181_03_T07074_02_003_02_V002.h5,BEAM1011,101811100300459672,17.97273050529258,-66.86144710155364,0.0,0.0,-19.919699,-19.919699,,4.2624135,0,,,,,,,17.97273050529258,-66.86144710155364,
GEDI02_A_2020273024726_O10181_03_T07074_02_003_02_V002.h5,BEAM1011,101811100300459673,17.97232527478184,-66.86111514466396,0.0,0.0,-20.274378,-20.274378,,-2.3512099,0,,,,,,,17.97232527478184,-66.86111514466396,
GEDI02_A_2020273024726_O10181_03_T07074_02_003_02_V002.h5,BEAM1011,101811100300459674,17.97192015070448,-66.86078333493892,0.0,0.0,-19.773066,-19.773066,,2.064303,0,,,,,,,17.97192015070448,-66.86078333493892,
GEDI02_A_2020273024726_O10181_03_T07074_02_003_02_V002.h5,BEAM1011,101811100300459675,17.971514868930274,-66.86045141056569,0.0,0.0,-19.812683,-19.812683,,13.574702,0,,,,,,,17.971514868930274,-66.86045141056569,
GEDI02_A_2020273024726_O10181_03_T07074_02_003_02_V002.h5,BEAM1011,101811100300459676,17.971109588149133,-66.86011953972225,0.0,0.0,-19.498098,-19.498098,,1.7365774,0,,,,,,,17.971109588149133,-66.86011953972225,
GEDI02_A_2020273024726_O10181_03_T07074_02_003_02_V002.h5,BEAM1011,101811100300459677,17.970703991174293,-66.85978740666546,0.0,0.0,-20.512482,-20.512482,,3.9595273,0,,,,,,,17.970703991174293,-66.85978740666546,
GEDI02_A_2020273024726_O10181_03_T07074_02_003_02_V002.h5,BEAM1011,101811100300459678,17.970298601716316,-66.85945555016738,0.0,0.0,-19.999868,-19.999868,,-1.2578695,0,,,,,,,17.970298601716316,-66.85945555016738,
GEDI02_A_2020273024726_O10181_03_T07074_02_003_02_V002.h5,BEAM1011,101811100300459679,17.969892983437916,-66.85912353315025,0.0,0.0,-20.284616,-20.284616,,-0.40237004,0,,,,,,,17.969892983437916,-66.85912353315025,
GEDI02_A_2020273024726_O10181_03_T07074_02_003_02_V002.h5,BEAM1011,101811100300459680,17.969487301750213,-66.85879152470226,0.0,0.0,-20.477211,-20.477211,,0.4084937,0,,,,,,,17.969487301750213,-66.85879152470226,
GEDI02_A_2020277011506_O10242_03_T08344_02_003_02_V002.h5,BEAM0101,102420500300460699,17.977664218668053,-66.85817489778982,0.0,0.0,286.78458,286.78458,,-1.781837,0,,,,,,,17.977664218668053,-66.85817489778982,
GEDI02_A_2020277011506_O10242_03_T08344_02_003_02_V002.h5,BEAM0101,102420500300460700,17.977252889801786,-66.85784914287315,0.0,0.0,286.91553,286.91553,,-1.2226149,0,,,,,,,17.977252889801786,-66.85784914287315,
GEDI02_A_2020277011506_O10242_03_T08344_02_003_02_V002.h5,BEAM0101,102420500300460701,17.97684158862451,-66.85752327522258,0.0,0.0,286.8241,286.8241,,0.052441914,0,,,,,,,17.97684158862451,-66.85752327522258,
GEDI02_A_2020277011506_O10242_03_T08344_02_003_02_V002.h5,BEAM0101,102420500300460702,17.976430257653487,-66.85719752324776,0.0,0.0,286.8888,286.8888,,2.635227,0,,,,,,,17.976430257653487,-66.85719752324776,
GEDI02_A_2020277011506_O10242_03_T08344_02_003_02_V002.h5,BEAM0101,102420500300460703,17.976018890186584,-66.85687190162457,0.0,0.0,287.13858,287.13858,,-0.3104085,0,,,,,,,17.976018890186584,-66.85687190162457,
GEDI02_A_2020277011506_O10242_03_T08344_02_003_02_V002.h5,BEAM0110,102420600300459944,17.977675750424133,-66.86524254192734,0.0,0.0,253.89392,253.89392,,-1.5128065,0,,,,,,,17.977675750424133,-66.86524254192734,
GEDI02_A_2020277011506_O10242_03_T08344_02_003_02_V002.h5,BEAM0110,102420600300459945,17.97726410323064,-66.86491559634223,0.0,0.0,253.41322,253.41322,,0.43792075,0,,,,,,,17.97726410323064,-66.86491559634223,
GEDI02_A_2020277011506_O10242_03_T08344_02_003_02_V002.h5,BEAM0110,102420600300459946,17.976852464377746,-66.8645889806487,0.0,0.0,253.33156,253.33156,,-2.573456,0,,,,,,,17.976852464377746,-66.8645889806487,
GEDI02_A_2020277011506_O10242_03_T08344_02_003_02_V002.h5,BEAM0110,102420600300459947,17.9764409447113,-66.86426250009391,0.0,0.0,253.24945,253.24945,,7.224532,0,,,,,,,17.9764409447113,-66.86426250009391,
GEDI02_A_2020277011506_O10242_03_T08344_02_003_02_V002.h5,BEAM0110,102420600300459948,17.9760294347143,-66.86393621772513,0.0,0.0,253.37973,253.37973,,-3.0166748,0,,,,,,,17.9760294347143,-66.86393621772513,
GEDI02_A_2020277011506_O10242_03_T08344_02_003_02_V002.h5,BEAM0110,102420600300459949,17.975617970522947,-66.86360994305748,0.0,0.0,253.41473,253.41473,,2.5602605,0,,,,,,,17.975617970522947,-66.86360994305748,
GEDI02_A_2020277011506_O10242_03_T08344_02_003_02_V002.h5,BEAM0110,102420600300459950,17.975206561137725,-66.86328360651436,0.0,0.0,253.2481,253.2481,,3.2401817,0,,,,,,,17.975206561137725,-66.86328360651436,
GEDI02_A_2020277011506_O10242_03_T08344_02_003_02_V002.h5,BEAM0110,102420600300459951,17.974795159689307,-66.86295742446127,0.0,0.0,253.23851,253.23851,,2.868885,0,,,,,,,17.974795159689307,-66.86295742446127,
GEDI02_A_2020277011506_O10242_03_T08344_02_003_02_V002.h5,BEAM0110,102420600300459952,17.974383796898735,-66.8626312228723,0.0,0.0,253.1078,253.1078,,1.7652329,0,,,,,,,17.974383796898735,-66.8626312228723,
GEDI02_A_2020277011506_O10242_03_T08344_02_003_02_V002.h5,BEAM0110,102420600300459953,17.973972434076572,-66.8623051714042,0.0,0.0,253.13986,253.13986,,-0.34209058,0,,,,,,,17.973972434076572,-66.8623051714042,
GEDI02_A_2020277011506_O10242_03_T08344_02_003_02_V002.h5,BEAM0110,102420600300459954,17.973561098333942,-66.86197912057675,0.0,0.0,253.09528,253.09528,,3.7928274,0,,,,,,,17.973561098333942,-66.86197912057675,
GEDI02_A_2020277011506_O10242_03_T08344_02_003_02_V002.h5,BEAM0110,102420600300459955,17.97314977336904,-66.86165312378937,0.0,0.0,253.06897,253.06897,,2.843491,0,,,,,,,17.97314977336904,-66.86165312378937,
GEDI02_A_2020277011506_O10242_03_T08344_02_003_02_V002.h5,BEAM0110,102420600300459956,17.972738468950002,-66.86132711657308,0.0,0.0,252.96066,252.96066,,1.8923757,0,,,,,,,17.972738468950002,-66.86132711657308,
GEDI02_A_2020277011506_O10242_03_T08344_02_003_02_V002.h5,BEAM0110,102420600300459957,17.972327158091794,-66.86100122285869,0.0,0.0,252.97652,252.97652,,-0.22808163,0,,,,,,,17.972327158091794,-66.86100122285869,
GEDI02_A_2020277011506_O10242_03_T08344_02_003_02_V002.h5,BEAM0110,102420600300459958,17.97191585354193,-66.86067534350451,0.0,0.0,252.96423,252.96423,,7.6823916,0,,,,,,,17.97191585354193,-66.86067534350451,
GEDI02_A_2020277011506_O10242_03_T08344_02_003_02_V002.h5,BEAM0110,102420600300459959,17.971504551110936,-66.860349487677,0.0,0.0,252.94281,252.94281,,-3.6965046,0,,,,,,,17.971504551110936,-66.860349487677,
GEDI02_A_2020277011506_O10242_03_T08344_02_003_02_V002.h5,BEAM0110,102420600300459960,17.97109308880253,-66.86002439467802,0.0,0.0,254.13786,254.13786,,-0.066060744,0,,,,,,,17.97109308880253,-66.86002439467802,
GEDI02_A_2020277011506_O10242_03_T08344_02_003_02_V002.h5,BEAM0110,102420600300459961,17.970681938662707,-66.85969784066575,0.0,0.0,252.88571,252.88571,,1.7898091,0,,,,,,,17.970681938662707,-66.85969784066575,
GEDI02_A_2020277011506_O10242_03_T08344_02_003_02_V002.h5,BEAM0110,102420600300459962,17.970270613870404,-66.85937207678039,0.0,0.0,252.90805,252.90805,,2.875571,0,,,,,,,17.970270613870404,-66.85937207678039,
GEDI02_A_2020277011506_O10242_03_T08344_02_003_02_V002.h5,BEAM0110,102420600300459963,17.96985927368954,-66.85904634708544,0.0,0.0,252.9618,252.9618,,-2.249461,0,,,,,,,17.96985927368954,-66.85904634708544,
GEDI02_A_2020277011506_O10242_03_T08344_02_003_02_V002.h5,BEAM0110,102420600300459964,17.96944791243782,-66.85872065123715,0.0,0.0,253.05437,253.05437,,5.600561,0,,,,,,,17.96944791243782,-66.85872065123715,
GEDI02_A_2021270173239_O15817_02_T03105_02_003_02_V002.h5,BEAM0101,158170500200080995,17.96960868830994,-66.85772559858582,4.75,6.4,131.31569,124.911545,,0.98954695,1,,,,,,,17.96960868830994,-66.85772559858582,
GEDI02_A_2021270173239_O15817_02_T03105_02_003_02_V002.h5,BEAM0101,158170500200080996,17.97001444514027,-66.85739446536591,5.5,7.19,136.62013,129.4295,,0.9865854,1,,,,,,,17.97001444514027,-66.85739446536591,
GEDI02_A_2021270173239_O15817_02_T03105_02_003_02_V002.h5,BEAM0101,158170500200080997,17.970420827394555,-66.8570635144991,4.08,5.84,137.91187,132.06949,,0.9866234,1,,,,,,,17.970420827394555,-66.8570635144991,
GEDI02_A_2021270173239_O15817_02_T03105_02_003_02_V002.h5,BEAM0110,158170600200339348,17.969477367020836,-66.86536112808847,4.38,5.91,106.13486,100.21777,,0.9658737,1,,,,,,,17.969477367020836,-66.86536112808847,
GEDI02_A_2021270173239_O15817_02_T03105_02_003_02_V002.h5,BEAM0110,158170600200339349,17.969882824249485,-66.86502995240947,3.63,5.13,110.27474,105.144104,,0.967636,1,,,,,,,17.969882824249485,-66.86502995240947,
GEDI02_A_2021270173239_O15817_02_T03105_02_003_02_V002.h5,BEAM0110,158170600200339350,17.970291191838204,-66.86469993683156,6.02,7.67,108.251434,100.5742,,0.98406297,1,,,,,,,17.970291191838204,-66.86469993683156,
GEDI02_A_2021270173239_O15817_02_T03105_02_003_02_V002.h5,BEAM0110,158170600200339351,17.97069728112228,-66.86436894259306,6.7,8.2,111.910706,103.709175,,0.9659806,1,,,,,,,17.97069728112228,-66.86436894259306,
GEDI02_A_2021270173239_O15817_02_T03105_02_003_02_V002.h5,BEAM0110,158170600200339352,17.971100817701057,-66.86403685422226,8.23,10.26,125.73966,115.478386,,0.9839742,1,,,,,,,17.971100817701057,-66.86403685422226,
GEDI02_A_2021270173239_O15817_02_T03105_02_003_02_V002.h5,BEAM0110,158170600200339353,17.971503048730295,-66.86370418547725,6.36,8.12,139.89311,131.76648,,0.9884794,1,,,,,,,17.971503048730295,-66.86370418547725,
GEDI02_A_2021270173239_O15817_02_T03105_02_003_02_V002.h5,BEAM0110,158170600200339354,17.97190753323143,-66.86337239646264,5.69,7.22,148.0455,140.81766,,0.96184015,1,,,,,,,17.97190753323143,-66.86337239646264,
GEDI02_A_2021270173239_O15817_02_T03105_02_003_02_V002.h5,BEAM0110,158170600200339355,17.972316324231603,-66.86304233408632,5.35,7.07,142.9226,135.84457,,0.9697162,1,,,,,,,17.972316324231603,-66.86304233408632,
GEDI02_A_2021270173239_O15817_02_T03105_02_003_02_V002.h5,BEAM0110,158170600200339356,17.972724040370995,-66.8627117781725,8.38,10.29,144.9903,134.69156,,0.96216697,1,,,,,,,17.972724040370995,-66.8627117781725,
GEDI02_A_2021270173239_O15817_02_T03105_02_003_02_V002.h5,BEAM0110,158170600200339357,17.97313096473363,-66.86238084341736,9.84,11.68,148.12498,136.44061,,0.98416543,1,,,,,,,17.97313096473363,-66.86238084341736,
GEDI02_A_2021270173239_O15817_02_T03105_02_003_02_V002.h5,BEAM0110,158170600200339358,17.973538006692493,-66.8620499053564,9.77,11.64,149.73958,138.09265,,0.98484373,1,,,,,,,17.973538006692493,-66.8620499053564,
GEDI02_A_2021270173239_O15817_02_T03105_02_003_02_V002.h5,BEAM0110,158170600200339359,17.973944279659182,-66.86171859286067,7.56,8.76,151.37671,142.61343,,0.9247884,1,,,,,,,17.973944279659182,-66.86171859286067,
GEDI02_A_2021270173239_O15817_02_T03105_02_003_02_V002.h5,BEAM0110,158170600200339360,17.974350128550196,-66.86138704880163,4.38,5.99,154.8655,148.8735,,0.9849606,1,,,,,,,17.974350128550196,-66.86138704880163,
GEDI02_A_2021270173239_O15817_02_T03105_02_003_02_V002.h5,BEAM0110,158170600200339361,17.97475692593211,-66.86105583590609,5.09,6.51,158.86507,152.34879,,0.9643286,1,,,,,,,17.97475692593211,-66.86105583590609,
GEDI02_A_2021270173239_O15817_02_T03105_02_003_02_V002.h5,BEAM0110,158170600200339362,17.975165123109385,-66.86072513696128,8.46,10.18,161.7542,151.56783,,0.9871846,1,,,,,,,17.975165123109385,-66.86072513696128,
GEDI02_A_2021270173239_O15817_02_T03105_02_003_02_V002.h5,BEAM0110,158170600200339363,17.97557305841616,-66.86039426744173,6.02,7.48,159.53781,152.04784,,0.9666929,1,,,,,,,17.97557305841616,-66.86039426744173,
GEDI02_A_2021270173239_O15817_02_T03105_02_003_02_V002.h5,BEAM0110,158170600200339364,17.97598024739456,-66.86006302527548,5.5,7.11,162.5295,155.41402,,0.9904766,1,,,,,,,17.97598024739456,-66.86006302527548,
GEDI02_A_2021270173239_O15817_02_T03105_02_003_02_V002.h5,BEAM0110,158170600200339365,17.976388075786158,-66.85973197888532,5.2,6.77,163.87717,157.09874,,0.96522844,1,,,,,,,17.976388075786158,-66.85973197888532,
GEDI02_A_2021270173239_O15817_02_T03105_02_003_02_V002.h5,BEAM0110,158170600200339366,17.9767948750996,-66.85940043898135,4.64,6.29,168.93819,162.64662,,0.9671961,1,,,,,,,17.9767948750996,-66.85940043898135,
GEDI02_A_2021270173239_O15817_02_T03105_02_003_02_V002.h5,BEAM0110,158170600200339367,17.97720350613111,-66.859069583851,7.82,9.51,172.11145,162.59927,,0.9864759,1,,,,,,,17.97720350613111,-66.859069583851,
GEDI02_A_2021270173239_O15817_02_T03105_02_003_02_V002.h5,BEAM0110,158170600200339368,17.97761176131606,-66.8587385019227,7.93,9.81,174.09045,164.27872,,0.9853228,1,,,,,,,17.97761176131606,-66.8587385019227,
GEDI02_A_2022154150317_O19676_02_T05951_02_003_02_V002.h5,BEAM0011,196760300200081542,17.970104302367396,-66.86614871488868,4.89,5.79,116.50097,110.70934,,0.97537065,1,,,,,,,17.970104302367396,-66.86614871488868,
GEDI02_A_2022154150317_O19676_02_T05951_02_003_02_V002.h5,BEAM0011,196760300200081543,17.97051078983286,-66.86581768625511,3.92,4.82,116.14374,111.32361,,0.9593914,1,,,,,,,17.97051078983286,-66.86581768625511,
GEDI02_A_2022154150317_O19676_02_T05951_02_003_02_V002.h5,BEAM0011,196760300200081544,17.970915438990023,-66.86549200320407,6.65,7.13,111.25197,104.11519,,0.89035016,0,,,,,,,17.970915438990023,-66.86549200320407,
GEDI02_A_2022154150317_O19676_02_T05951_02_003_02_V002.h5,BEAM0011,196760300200081545,17.97132198300304,-66.86516077591536,6.16,6.76,111.89619,105.133064,,0.9338902,1,,,,,,,17.97132198300304,-66.86516077591536,
GEDI02_A_2022154150317_O19676_02_T05951_02_003_02_V002.h5,BEAM0011,196760300200081546,17.971728995880355,-66.86482818241518,16.1,16.66,124.88797,108.22304,,0.9325064,1,,,,,,,17.971728995880355,-66.86482818241518,
GEDI02_A_2022154150317_O19676_02_T05951_02_003_02_V002.h5,BEAM0011,196760300200081547,17.972139474609722,-66.86448549306982,14.08,14.6,140.85417,126.24433,,0.93827516,1,,,,,,,17.972139474609722,-66.86448549306982,
GEDI02_A_2022154150317_O19676_02_T05951_02_003_02_V002.h5,BEAM0011,196760300200081548,17.972547768466953,-66.86414923102798,7.84,8.85,143.70256,134.84698,,0.90254515,1,,,,,,,17.972547768466953,-66.86414923102798,
GEDI02_A_2022154150317_O19676_02_T05951_02_003_02_V002.h5,BEAM0011,196760300200081549,17.972951876759957,-66.86382526143545,14.31,15.17,140.55544,125.38511,,0.95339185,1,,,,,,,17.972951876759957,-66.86382526143545,
GEDI02_A_2022154150317_O19676_02_T05951_02_003_02_V002.h5,BEAM0011,196760300200081550,17.973357386559712,-66.86349727559292,13.37,14.34,136.24382,121.89554,,0.9567859,1,,,,,,,17.973357386559712,-66.86349727559292,
GEDI02_A_2022154150317_O19676_02_T05951_02_003_02_V002.h5,BEAM0011,196760300200081551,17.97376767443948,-66.86315542282117,9.6,10.49,149.3968,138.89716,,0.9032399,1,,,,,,,17.97376767443948,-66.86315542282117,
GEDI02_A_2022154150317_O19676_02_T05951_02_003_02_V002.h5,BEAM0011,196760300200081552,17.97417620073852,-66.86281883681002,6.05,6.91,155.09724,148.18466,,0.9626857,1,,,,,,,17.97417620073852,-66.86281883681002,
GEDI02_A_2022154150317_O19676_02_T05951_02_003_02_V002.h5,BEAM0011,196760300200081553,17.974583496367654,-66.86248597539398,7.51,8.51,160.5551,152.0358,,0.95699006,1,,,,,,,17.974583496367654,-66.86248597539398,
GEDI02_A_2022154150317_O19676_02_T05951_02_003_02_V002.h5,BEAM0011,196760300200081554,17.97498971829853,-66.86215640250417,8.55,9.19,160.28099,151.08911,,0.93879193,1,,,,,,,17.97498971829853,-66.86215640250417,
GEDI02_A_2022154150317_O19676_02_T05951_02_003_02_V002.h5,BEAM0011,196760300200081555,17.975396860778815,-66.86182429809078,8.03,8.89,162.8136,153.92065,,0.9402173,1,,,,,,,17.975396860778815,-66.86182429809078,
GEDI02_A_2022154150317_O19676_02_T05951_02_003_02_V002.h5,BEAM0011,196760300200081556,17.97580415236068,-66.86149191278716,6.57,7.51,164.71819,157.20776,,0.90508205,1,,,,,,,17.97580415236068,-66.86149191278716,
GEDI02_A_2022154150317_O19676_02_T05951_02_003_02_V002.h5,BEAM0011,196760300200081557,17.97621136086211,-66.86115991505646,7.54,8.4,168.37007,159.96286,,0.9592089,1,,,,,,,17.97621136086211,-66.86115991505646,
GEDI02_A_2022154150317_O19676_02_T05951_02_003_02_V002.h5,BEAM0011,196760300200081558,17.97661906431045,-66.86082662415194,7.65,8.59,173.24422,164.65019,,0.9483873,1,,,,,,,17.97661906431045,-66.86082662415194,
GEDI02_A_2022154150317_O19676_02_T05951_02_003_02_V002.h5,BEAM0011,196760300200081559,17.977025660416587,-66.86049670748856,12.62,13.67,178.06674,164.39104,,0.9620581,1,,,,,,,17.977025660416587,-66.86049670748856,
GEDI02_A_2022154150317_O19676_02_T05951_02_003_02_V002.h5,BEAM0011,196760300200081560,17.977433534437594,-66.86016319763642,8.36,9.37,178.82323,169.44452,,0.9536207,1,,,,,,,17.977433534437594,-66.86016319763642,
GEDI02_A_2022154150317_O19676_02_T05951_02_003_02_V002.h5,BEAM0011,196760300200081561,17.97783895074166,-66.85983700345716,8.51,9.41,173.14508,163.729,,0.9556432,1,,,,,,,17.97783895074166,-66.85983700345716,
GEDI02_A_2022154150317_O19676_02_T05951_02_003_02_V002.h5,BEAM0101,196760500200080614,17.96942557617836,-66.8588225566105,5.19,6.68,130.97397,124.28797,,0.96078855,1,,,,,,,17.96942557617836,-66.8588225566105,
GEDI02_A_2022154150317_O19676_02_T05951_02_003_02_V002.h5,BEAM0101,196760500200080615,17.970652916007136,-66.85781936371981,4.25,5.78,143.90439,138.11484,,0.98065156,1,,,,,,,17.970652916007136,-66.85781936371981,
GEDI02_A_2022154150317_O19676_02_T05951_02_003_02_V002.h5,BEAM0101,196760500200080616,17.971059108265305,-66.85749202396835,3.84,5.22,137.89514,132.66588,,0.9686166,1,,,,,,,17.971059108265305,-66.85749202396835,
GEDI02_A_2022154150317_O19676_02_T05951_02_003_02_V002.h5,BEAM0101,196760500200080617,17.971461963706737,-66.85717280498997,8.81,10.57,126.23376,115.66316,,0.97847766,1,,,,,,,17.971461963706737,-66.85717280498997,
GEDI02_A_2022154150317_O19676_02_T05951_02_003_02_V002.h5,BEAM0101,196760500200080618,17.97186804521898,-66.85684561270853,18.0,19.83,129.84671,110.01284,,0.982712,1,,,,,,,17.97186804521898,-66.85684561270853,
GEDI02_A_2022155002024_O19682_03_T01382_02_003_02_V002.h5,BEAM0011,196820300300460582,17.977888258377476,-66.86099886552816,0.0,0.0,199.8617,199.8617,,0.14096402,0,,,,,,,17.977888258377476,-66.86099886552816,
GEDI02_A_2022155002024_O19682_03_T01382_02_003_02_V002.h5,BEAM0011,196820300300460583,17.977481084587676,-66.8606656678278,0.0,0.0,199.97002,199.97002,,0.42251614,0,,,,,,,17.977481084587676,-66.8606656678278,
GEDI02_A_2022155002024_O19682_03_T01382_02_003_02_V002.h5,BEAM0011,196820300300460584,17.97707392934215,-66.86033252097852,0.0,0.0,199.88657,199.88657,,2.1933625,0,,,,,,,17.97707392934215,-66.86033252097852,
GEDI02_A_2022155002024_O19682_03_T01382_02_003_02_V002.h5,BEAM0011,196820300300460585,17.976666815853136,-66.85999949403782,0.0,0.0,199.55006,199.55006,,0.1830925,0,,,,,,,17.976666815853136,-66.85999949403782,
GEDI02_A_2022155002024_O19682_03_T01382_02_003_02_V002.h5,BEAM0011,196820300300460586,17.976259532648566,-66.85966587434311,0.0,0.0,199.77168,199.77168,,-1.249511,0,,,,,,,17.976259532648566,-66.85966587434311,
GEDI02_A_2022155002024_O19682_03_T01382_02_003_02_V002.h5,BEAM0011,196820300300460587,17.97585219815783,-66.8593320481305,0.0,0.0,200.13615,200.13615,,2.8575666,0,,,,,,,17.97585219815783,-66.8593320481305,
GEDI02_A_2022155002024_O19682_03_T01382_02_003_02_V002.h5,BEAM0011,196820300300460588,17.97544508803432,-66.85899892530861,0.0,0.0,199.64374,199.64374,,4.577289,0,,,,,,,17.97544508803432,-66.85899892530861,
GEDI02_A_2022155002024_O19682_03_T01382_02_003_02_V002.h5,BEAM0011,196820300300460589,17.975037773355822,-66.85866506893296,0.0,0.0,199.91397,199.91397,,2.5889463,0,,,,,,,17.975037773355822,-66.85866506893296,
GEDI02_A_2022155002024_O19682_03_T01382_02_003_02_V002.h5,BEAM0011,196820300300460590,17.97463065279745,-66.85833179497959,0.0,0.0,199.49525,199.49525,,3.360416,0,,,,,,,17.97463065279745,-66.85833179497959,
GEDI02_A_2022155002024_O19682_03_T01382_02_003_02_V002.h5,BEAM0011,196820300300460591,17.974223310604117,-66.85799771777336,0.0,0.0,199.94724,199.94724,,5.2226677,0,,,,,,,17.974223310604117,-66.85799771777336,
GEDI02_A_2022155002024_O19682_03_T01382_02_003_02_V002.h5,BEAM0011,196820300300460592,17.973816294166074,-66.85766464858577,0.0,0.0,199.26549,199.26549,,2.143956,0,,,,,,,17.973816294166074,-66.85766464858577,
GEDI02_A_2022155002024_O19682_03_T01382_02_003_02_V002.h5,BEAM0011,196820300300460593,17.973409025022537,-66.85733065246907,0.0,0.0,199.62543,199.62543,,3.6069708,0,,,,,,,17.973409025022537,-66.85733065246907,
GEDI02_A_2022155002024_O19682_03_T01382_02_003_02_V002.h5,BEAM0011,196820300300460594,17.973001959572482,-66.85699724128628,0.0,0.0,199.35541,199.35541,,0.1869041,0,,,,,,,17.973001959572482,-66.85699724128628,
GEDI02_A_2022155002024_O19682_03_T01382_02_003_02_V002.h5,BEAM0101,196820500300460624,17.971863143345406,-66.86616835255518,5.58,5.77,1541.0109,1535.2346,,0.9622395,0,,,,,,,17.971863143345406,-66.86616835255518,
GEDI02_A_2022155002024_O19682_03_T01382_02_003_02_V002.h5,BEAM0101,196820500300460625,17.971443647855125,-66.86579426235026,0.0,0.0,1579.8375,1579.8375,,0.084470555,0,,,,,,,17.971443647855125,-66.86579426235026,
GEDI02_A_2022155002024_O19682_03_T01382_02_003_02_V002.h5,BEAM0101,196820500300460626,17.971058994722945,-66.8655309356072,27.72,28.21,1535.7417,1507.5314,,0.94388473,0,,,,,,,17.971058994722945,-66.8655309356072,
GEDI02_A_2022155002024_O19682_03_T01382_02_003_02_V002.h5,BEAM0101,196820500300460628,17.970654622503435,-66.86616229922844,0.0,0.0,142.08478,142.08478,,-0.9413351,0,,,,,,,17.970654622503435,-66.86616229922844,
GEDI02_A_2022155002024_O19682_03_T01382_02_003_02_V002.h5,BEAM0101,196820500300460629,17.96982066810664,-66.86447537305682,17.99,18.26,1587.6567,1569.3965,,0.94932526,0,,,,,,,17.96982066810664,-66.86447537305682,
GEDI02_A_2022189012541_O20210_02_T00259_02_003_03_V002.h5,BEAM0110,202100600200340347,17.97339505374179,-66.86596029761513,6.78,8.53,126.28412,117.74752,,0.98591536,1,,,,,,,17.97339505374179,-66.86596029761513,
GEDI02_A_2022189012541_O20210_02_T00259_02_003_03_V002.h5,BEAM0110,202100600200340348,17.973807354363903,-66.86562155377159,5.85,7.79,134.34377,126.55273,,0.96517146,1,,,,,,,17.973807354363903,-66.86562155377159,
GEDI02_A_2022189012541_O20210_02_T00259_02_003_03_V002.h5,BEAM0110,202100600200340349,17.97421794376098,-66.8652853086455,4.88,6.82,138.99884,132.17702,,0.98697776,1,,,,,,,17.97421794376098,-66.8652853086455,
GEDI02_A_2022189012541_O20210_02_T00259_02_003_03_V002.h5,BEAM0110,202100600200340350,17.974629495444823,-66.86494767112599,4.62,5.96,145.5265,139.56207,,0.9576108,1,,,,,,,17.974629495444823,-66.86494767112599,
GEDI02_A_2022189012541_O20210_02_T00259_02_003_03_V002.h5,BEAM0110,202100600200340351,17.975039284051903,-66.86461260791607,5.14,6.93,150.61087,143.67723,,0.9858863,1,,,,,,,17.975039284051903,-66.86461260791607,
GEDI02_A_2022189012541_O20210_02_T00259_02_003_03_V002.h5,BEAM0110,202100600200340352,17.975453414859103,-66.86427123488454,4.8,6.59,162.39583,155.79767,,0.9833348,1,,,,,,,17.975453414859103,-66.86427123488454,
GEDI02_A_2022189012541_O20210_02_T00259_02_003_03_V002.h5,BEAM0110,202100600200340353,17.97586400669784,-66.86393502187063,7.08,9.05,170.4305,161.37201,,0.98831606,1,,,,,,,17.97586400669784,-66.86393502187063,
GEDI02_A_2022189012541_O20210_02_T00259_02_003_03_V002.h5,BEAM0110,202100600200340354,17.976273733837477,-66.86360007692134,6.52,8.31,173.6558,165.34288,,0.9849692,1,,,,,,,17.976273733837477,-66.86360007692134,
GEDI02_A_2022189012541_O20210_02_T00259_02_003_03_V002.h5,BEAM0110,202100600200340355,17.976683143185713,-66.86326560478096,4.24,5.7,174.42474,168.72127,,0.9665594,1,,,,,,,17.976683143185713,-66.86326560478096,
GEDI02_A_2022189012541_O20210_02_T00259_02_003_03_V002.h5,BEAM0110,202100600200340356,17.97709093447993,-66.86293349737244,5.81,7.49,176.60367,169.11084,,0.98535234,1,,,,,,,17.97709093447993,-66.86293349737244,
GEDI02_A_2022189012541_O20210_02_T00259_02_003_03_V002.h5,BEAM0110,202100600200340357,17.977495395041647,-66.86260624884805,9.31,11.14,174.4937,163.34766,,0.9831016,1,,,,,,,17.977495395041647,-66.86260624884805,
GEDI02_A_2022189012541_O20210_02_T00259_02_003_03_V002.h5,BEAM0110,202100600200340358,17.97789819285285,-66.86228143147828,7.08,8.72,163.23918,154.51619,,0.96765536,1,,,,,,,17.97789819285285,-66.86228143147828,
GEDI02_A_2022189012541_O20210_02_T00259_02_003_03_V002.h5,BEAM1000,202100800200082977,17.96945563331906,-66.85753017817021,5.96,7.86,129.87744,122.01599,,0.98641306,1,,,,,,,17.96945563331906,-66.85753017817021,
GEDI02_A_2022189012541_O20210_02_T00259_02_003_03_V002.h5,BEAM1000,202100800200082978,17.969866317741175,-66.8571943477429,6.59,8.34,135.57426,127.22847,,0.9905372,1,,,,,,,17.969866317741175,-66.8571943477429,
GEDI02_A_2022189012541_O20210_02_T00259_02_003_03_V002.h5,BEAM1000,202100800200082979,17.970275621579628,-66.8568603624169,4.61,6.25,136.36665,130.1073,,0.9858177,1,,,,,,,17.970275621579628,-66.8568603624169,
GEDI02_A_2023072083405_O24061_03_T01382_02_003_02_V002.h5,BEAM0011,240610300300460471,17.977751365394354,-66.86088076702195,0.0,0.0,84.30773,84.30773,,-3.9823575,0,,,,,,,17.977751365394354,-66.86088076702195,
GEDI02_A_2023072083405_O24061_03_T01382_02_003_02_V002.h5,BEAM0011,240610300300460472,17.97734568801634,-66.86054867128173,0.0,0.0,84.547035,84.547035,,4.29998,0,,,,,,,17.97734568801634,-66.86054867128173,
GEDI02_A_2023072083405_O24061_03_T01382_02_003_02_V002.h5,BEAM0011,240610300300460473,17.97694013057422,-66.86021662033237,0.0,0.0,84.35713,84.35713,,-1.4813272,0,,,,,,,17.97694013057422,-66.86021662033237,
GEDI02_A_2023072083405_O24061_03_T01382_02_003_02_V002.h5,BEAM0011,240610300300460474,17.97653444562785,-66.8598844670174,0.0,0.0,84.51168,84.51168,,-0.98521954,0,,,,,,,17.97653444562785,-66.8598844670174,
GEDI02_A_2023072083405_O24061_03_T01382_02_003_02_V002.h5,BEAM0011,240610300300460475,17.97610702421744,-66.85953892862398,3.29,4.04,157.75516,153.71126,,0.8853136,0,,,,,,,17.97610702421744,-66.85953892862398,
GEDI02_A_2023072083405_O24061_03_T01382_02_003_02_V002.h5,BEAM0011,240610300300460476,17.975706487724608,-66.85920990911221,9.84,11.15,148.49782,137.33966,,0.97305995,1,,,,,,,17.975706487724608,-66.85920990911221,
GEDI02_A_2023072083405_O24061_03_T01382_02_003_02_V002.h5,BEAM0011,240610300300460477,17.97530345973783,-66.85887934826115,9.06,10.25,139.046,128.78648,,0.97136563,1,,,,,,,17.97530345973783,-66.85887934826115,
GEDI02_A_2023072083405_O24061_03_T01382_02_003_02_V002.h5,BEAM0011,240610300300460478,17.974899662556854,-66.85854831041979,8.94,9.92,132.4878,122.56527,,0.97066593,1,,,,,,,17.974899662556854,-66.85854831041979,
GEDI02_A_2023072083405_O24061_03_T01382_02_003_02_V002.h5,BEAM0011,240610300300460479,17.974495092928205,-66.85821679906894,9.51,10.85,129.53857,118.679955,,0.9723339,1,,,,,,,17.974495092928205,-66.85821679906894,
GEDI02_A_2023072083405_O24061_03_T01382_02_003_02_V002.h5,BEAM0011,240610300300460480,17.974089443596462,-66.8578846299182,12.28,13.66,131.75444,118.08756,,0.9405707,1,,,,,,,17.974089443596462,-66.8578846299182,
GEDI02_A_2023072083405_O24061_03_T01382_02_003_02_V002.h5,BEAM0011,240610300300460481,17.973683160326846,-66.85755208247731,6.85,7.52,126.89077,119.364624,,0.9491831,1,,,,,,,17.973683160326846,-66.85755208247731,
GEDI02_A_2023072083405_O24061_03_T01382_02_003_02_V002.h5,BEAM0011,240610300300460482,17.97327658235826,-66.8572193701563,8.57,9.06,130.47472,121.41338,,0.9182332,1,,,,,,,17.97327658235826,-66.8572193701563,
GEDI02_A_2023072083405_O24061_03_T01382_02_003_02_V002.h5,BEAM0011,240610300300460483,17.972891192317036,-66.85689970468178,0.0,0.0,55.91941,55.91941,,2.8582954,0,,,,,,,17.972891192317036,-66.85689970468178,
GEDI02_A_2023072083405_O24061_03_T01382_02_003_02_V002.h5,BEAM0101,240610500300460639,17.971130730887644,-66.8662278005372,9.84,10.74,106.93163,96.18807,,0.9078975,1,,,,,,,17.971130730887644,-66.8662278005372,
GEDI02_A_2023072083405_O24061_03_T01382_02_003_02_V002.h5,BEAM0101,240610500300460640,17.970722251586665,-66.86589588136121,8.79,10.59,108.693855,98.10003,,0.9855368,1,,,,,,,17.970722251586665,-66.86589588136121,
GEDI02_A_2023072083405_O24061_03_T01382_02_003_02_V002.h5,BEAM0101,240610500300460641,17.970310517482567,-66.8655616985815,4.26,6.02,115.42675,109.39988,,0.9888051,1,,,,,,,17.970310517482567,-66.8655616985815,
GEDI02_A_2023072083405_O24061_03_T01382_02_003_02_V002.h5,BEAM0101,240610500300460642,17.969903969983264,-66.86523125653378,5.27,6.58,112.23976,105.65138,,0.97803867,1,,,,,,,17.969903969983264,-66.86523125653378,
GEDI02_A_2023072083405_O24061_03_T01382_02_003_02_V002.h5,BEAM0101,240610500300460643,17.969497606232423,-66.86490098816539,4.19,5.68,107.04159,101.35162,,0.9691717,1,,,,,,,17.969497606232423,-66.86490098816539,
